ticket,symbol,type,entry_price,lot_size,stop_loss,take_profit,open_time,close_time,close_price,profit,is_open
1,XAUUSD,BUY,2006.0116779363082,0.01,2005.9916779363082,2006.0266779363083,2024-01-01 02:25:00,2024-01-01 02:30:00,2004.705042329633,-130.66356066751723,False
2,XAUUSD,SELL,2004.705042329633,0.01,2004.725042329633,2004.690042329633,2024-01-01 02:30:00,2024-01-01 02:35:00,2004.4335549517423,27.148737789070765,False
3,XAUUSD,SELL,2004.4335549517423,0.01,2004.4535549517423,2004.4185549517422,2024-01-01 02:35:00,2024-01-01 02:40:00,2005.3012852616762,-86.77303099339042,False
4,XAUUSD,BUY,2005.3012852616762,0.01,2005.2812852616762,2005.3162852616763,2024-01-01 02:40:00,2024-01-01 02:45:00,2003.8642907162423,-143.69945454338904,False
5,XAUUSD,SELL,2003.8642907162423,0.01,2003.8842907162423,2003.8492907162422,2024-01-01 02:45:00,2024-01-01 02:50:00,2005.191981451032,-132.76907347897122,False
6,XAUUSD,BUY,2005.1241970379506,0.01,2005.1041970379506,2005.1391970379507,2024-01-01 03:05:00,2024-01-01 03:10:00,2005.4820776749227,35.788063697214056,False
7,XAUUSD,BUY,2005.4820776749227,0.01,2005.4620776749227,2005.4970776749228,2024-01-01 03:10:00,2024-01-01 03:15:00,2004.2724686317424,-120.96090431803077,False
8,XAUUSD,SELL,2004.2724686317424,0.01,2004.2924686317424,2004.2574686317423,2024-01-01 03:15:00,2024-01-01 03:20:00,2004.3957215940247,-12.325296228232219,False
9,XAUUSD,SELL,2004.3957215940247,0.01,2004.4157215940247,2004.3807215940246,2024-01-01 03:20:00,2024-01-01 03:25:00,2004.039734826031,35.5986767993727,False
10,XAUUSD,SELL,2004.039734826031,0.01,2004.059734826031,2004.024734826031,2024-01-01 03:25:00,2024-01-01 03:30:00,2005.2425644594668,-120.28296334358402,False
11,XAUUSD,BUY,2005.2425644594668,0.01,2005.2225644594669,2005.257564459467,2024-01-01 03:30:00,2024-01-01 03:35:00,2004.704374146578,-53.81903128889007,False
12,XAUUSD,BUY,2004.704374146578,0.01,2004.684374146578,2004.719374146578,2024-01-01 03:35:00,2024-01-01 03:45:00,2004.4071521168353,-29.72220297426702,False
13,XAUUSD,SELL,2004.6955222855615,0.01,2004.7155222855615,2004.6805222855614,2024-01-01 03:40:00,2024-01-01 03:45:00,2004.4071521168353,28.83701687262601,False
14,XAUUSD,SELL,2004.4071521168353,0.01,2004.4271521168353,2004.3921521168352,2024-01-01 03:45:00,2024-01-01 03:50:00,2004.7992127111627,-39.2060594327404,False
15,XAUUSD,BUY,2004.7992127111627,0.01,2004.7792127111627,2004.8142127111628,2024-01-01 03:50:00,2024-01-01 03:55:00,2006.0037371155981,120.45244044354604,False
16,XAUUSD,BUY,2006.0037371155981,0.01,2005.9837371155982,2006.0187371155982,2024-01-01 03:55:00,2024-01-01 04:00:00,2006.022835050829,1.9097935230774965,False
17,XAUUSD,BUY,2006.022835050829,0.01,2006.002835050829,2006.037835050829,2024-01-01 04:00:00,2024-01-01 04:05:00,2006.4711605922923,44.83255414634186,False
18,XAUUSD,BUY,2006.4711605922923,0.01,2006.4511605922924,2006.4861605922924,2024-01-01 04:05:00,2024-01-01 04:10:00,2005.4429454475442,-102.82151447481738,False
19,XAUUSD,SELL,2005.4429454475442,0.01,2005.4629454475441,2005.427945447544,2024-01-01 04:10:00,2024-01-01 04:15:00,2005.512971526667,-7.0026079122726514,False
20,XAUUSD,SELL,2005.512971526667,0.01,2005.5329715266669,2005.4979715266668,2024-01-01 04:15:00,2024-01-01 04:20:00,2004.3024141460492,121.0557380617729,False
21,XAUUSD,SELL,2004.3024141460492,0.01,2004.3224141460491,2004.287414146049,2024-01-01 04:20:00,2024-01-01 04:25:00,2003.4084909066414,89.39232394077408,False
22,XAUUSD,SELL,2003.4084909066414,0.01,2003.4284909066414,2003.3934909066413,2024-01-01 04:25:00,2024-01-01 04:30:00,2004.658133153997,-124.96422473554958,False
23,XAUUSD,BUY,2004.658133153997,0.01,2004.638133153997,2004.673133153997,2024-01-01 04:30:00,2024-01-01 04:35:00,2004.5817518812798,-7.638127271707162,False
24,XAUUSD,BUY,2004.5817518812798,0.01,2004.5617518812799,2004.59675188128,2024-01-01 04:35:00,2024-01-01 04:40:00,2003.9477489841229,-63.40028971569609,False
25,XAUUSD,SELL,2003.9477489841229,0.01,2003.9677489841229,2003.9327489841228,2024-01-01 04:40:00,2024-01-01 04:50:00,2002.5700761017063,137.76728824166184,False
26,XAUUSD,SELL,2003.9644449700475,0.01,2003.9844449700474,2003.9494449700474,2024-01-01 04:45:00,2024-01-01 04:50:00,2002.5700761017063,139.43688683411892,False
27,XAUUSD,SELL,2002.5700761017063,0.01,2002.5900761017062,2002.5550761017062,2024-01-01 04:50:00,2024-01-01 04:55:00,2004.2991050167145,-172.90289150082572,False
28,XAUUSD,BUY,2004.2991050167145,0.01,2004.2791050167145,2004.3141050167146,2024-01-01 04:55:00,2024-01-01 05:00:00,2003.8101215554696,-48.89834612449704,False
29,XAUUSD,BUY,2003.8101215554696,0.01,2003.7901215554696,2003.8251215554697,2024-01-01 05:00:00,2024-01-01 05:05:00,2004.0672205896572,25.709903418760405,False
30,XAUUSD,SELL,2003.8019461536378,0.01,2003.8219461536378,2003.7869461536377,2024-01-01 05:10:00,2024-01-01 05:15:00,2003.7382879659788,6.365818765902986,False
31,XAUUSD,SELL,2003.7382879659788,0.01,2003.7582879659788,2003.7232879659787,2024-01-01 05:15:00,2024-01-01 05:20:00,2002.7235261221547,101.47618438240897,False
32,XAUUSD,SELL,2002.7235261221547,0.01,2002.7435261221547,2002.7085261221546,2024-01-01 05:20:00,2024-01-01 05:25:00,2002.4002861737365,32.323994841817694,False
33,XAUUSD,SELL,2002.4002861737365,0.01,2002.4202861737365,2002.3852861737364,2024-01-01 05:25:00,2024-01-01 05:30:00,2003.074249628867,-67.39634551304334,False
34,XAUUSD,BUY,2003.074249628867,0.01,2003.054249628867,2003.089249628867,2024-01-01 05:30:00,2024-01-01 05:35:00,2002.443497683801,-63.07519450658674,False
35,XAUUSD,SELL,2002.310854689868,0.01,2002.330854689868,2002.2958546898678,2024-01-01 05:40:00,2024-01-01 05:45:00,2004.1274194226055,-181.6564732737561,False
36,XAUUSD,BUY,2004.2107461834776,0.01,2004.1907461834776,2004.2257461834777,2024-01-01 05:50:00,2024-01-01 05:55:00,2003.331196997209,-87.95491862686049,False
37,XAUUSD,SELL,2003.331196997209,0.01,2003.351196997209,2003.3161969972089,2024-01-01 05:55:00,2024-01-01 06:00:00,2004.4867615512799,-115.55645540709065,False
38,XAUUSD,BUY,2004.4867615512799,0.01,2004.46676155128,2004.50176155128,2024-01-01 06:00:00,2024-01-01 06:05:00,2005.343593361031,85.68318097511565,False
39,XAUUSD,BUY,2005.343593361031,0.01,2005.323593361031,2005.3585933610311,2024-01-01 06:05:00,2024-01-01 06:10:00,2006.2229399408686,87.93465798376019,False
40,XAUUSD,BUY,2006.2229399408686,0.01,2006.2029399408686,2006.2379399408687,2024-01-01 06:10:00,2024-01-01 06:15:00,2006.5175164339032,29.45764930345831,False
41,XAUUSD,BUY,2006.5175164339032,0.01,2006.4975164339032,2006.5325164339033,2024-01-01 06:15:00,2024-01-01 06:20:00,2006.7696349111907,25.21184772874676,False
42,XAUUSD,BUY,2006.7696349111907,0.01,2006.7496349111907,2006.7846349111908,2024-01-01 06:20:00,2024-01-01 06:25:00,2008.1579353850148,138.83004738240743,False
43,XAUUSD,BUY,2007.9132394253768,0.01,2007.8932394253768,2007.928239425377,2024-01-01 06:30:00,2024-01-01 06:35:00,2008.926507186336,101.3267760959252,False
44,XAUUSD,BUY,2008.926507186336,0.01,2008.906507186336,2008.9415071863361,2024-01-01 06:35:00,2024-01-01 06:40:00,2009.2366742262275,31.016703989143934,False
45,XAUUSD,BUY,2009.2366742262275,0.01,2009.2166742262275,2009.2516742262276,2024-01-01 06:40:00,2024-01-01 06:45:00,2010.0457178290374,80.90436028098793,False
46,XAUUSD,BUY,2010.0457178290374,0.01,2010.0257178290374,2010.0607178290375,2024-01-01 06:45:00,2024-01-01 06:50:00,2010.120329891248,7.4612062210690056,False
47,XAUUSD,BUY,2010.120329891248,0.01,2010.100329891248,2010.1353298912481,2024-01-01 06:50:00,2024-01-01 06:55:00,2009.8762467395015,-24.408315174650852,False
48,XAUUSD,SELL,2009.8762467395015,0.01,2009.8962467395015,2009.8612467395014,2024-01-01 06:55:00,2024-01-01 07:00:00,2009.1057801378552,77.04666016463761,False
49,XAUUSD,SELL,2009.1057801378552,0.01,2009.1257801378551,2009.090780137855,2024-01-01 07:00:00,2024-01-01 07:05:00,2008.247026940206,85.87531976490936,False
50,XAUUSD,SELL,2008.247026940206,0.01,2008.267026940206,2008.232026940206,2024-01-01 07:05:00,2024-01-01 07:10:00,2009.3837733673593,-113.67464271531844,False
51,XAUUSD,BUY,2009.3837733673593,0.01,2009.3637733673593,2009.3987733673594,2024-01-01 07:10:00,2024-01-01 07:15:00,2008.5967450421551,-78.7028325204119,False
52,XAUUSD,SELL,2008.1033665614336,0.01,2008.1233665614336,2008.0883665614335,2024-01-01 07:30:00,2024-01-01 07:35:00,2009.2007046653903,-109.73381039566448,False
53,XAUUSD,BUY,2009.2007046653903,0.01,2009.1807046653903,2009.2157046653904,2024-01-01 07:35:00,2024-01-01 07:40:00,2010.8075054934993,160.68008281090442,False
54,XAUUSD,SELL,2008.899478555056,0.01,2008.919478555056,2008.884478555056,2024-01-01 07:45:00,2024-01-01 07:50:00,2009.0314384824321,-13.19599273761014,False
55,XAUUSD,SELL,2009.0314384824321,0.01,2009.051438482432,2009.016438482432,2024-01-01 07:50:00,2024-01-01 07:55:00,2009.66053167626,-62.90931938278845,False
56,XAUUSD,BUY,2009.66053167626,0.01,2009.64053167626,2009.67553167626,2024-01-01 07:55:00,2024-01-01 08:00:00,2009.7465743725381,8.604269627812755,False
57,XAUUSD,BUY,2009.7465743725381,0.01,2009.7265743725382,2009.7615743725382,2024-01-01 08:00:00,2024-01-01 08:05:00,2012.0721078596348,232.55334870966635,False
58,XAUUSD,SELL,2014.0222870575992,0.01,2014.0422870575992,2014.0072870575991,2024-01-01 08:20:00,2024-01-01 08:25:00,2013.1718037308237,85.04833267754748,False
59,XAUUSD,SELL,2013.1718037308237,0.01,2013.1918037308237,2013.1568037308236,2024-01-01 08:25:00,2024-01-01 08:30:00,2011.1351750824635,203.66286483601925,False
60,XAUUSD,BUY,2012.8255799440053,0.01,2012.8055799440053,2012.8405799440054,2024-01-01 08:50:00,2024-01-01 08:55:00,2012.35642517618,-46.915476782533005,False
61,XAUUSD,SELL,2011.5699932577306,0.01,2011.5899932577306,2011.5549932577305,2024-01-01 09:00:00,2024-01-01 09:05:00,2011.501631298654,6.836195907658293,False
62,XAUUSD,SELL,2011.501631298654,0.01,2011.521631298654,2011.486631298654,2024-01-01 09:05:00,2024-01-01 09:10:00,2011.2659595690104,23.567172964362726,False
63,XAUUSD,SELL,2011.2659595690104,0.01,2011.2859595690104,2011.2509595690103,2024-01-01 09:10:00,2024-01-01 09:15:00,2012.3464260556877,-108.04664866773237,False
64,XAUUSD,BUY,2012.3464260556877,0.01,2012.3264260556878,2012.3614260556878,2024-01-01 09:15:00,2024-01-01 09:20:00,2014.4925715864188,214.6145530731019,False
65,XAUUSD,BUY,2014.847553223067,0.01,2014.827553223067,2014.8625532230672,2024-01-01 09:25:00,2024-01-01 09:30:00,2015.7909468668279,94.33936437608281,False
66,XAUUSD,BUY,2015.7909468668279,0.01,2015.770946866828,2015.805946866828,2024-01-01 09:30:00,2024-01-01 09:35:00,2014.6391970080738,-115.17498587541013,False
67,XAUUSD,SELL,2014.6391970080738,0.01,2014.6591970080738,2014.6241970080737,2024-01-01 09:35:00,2024-01-01 09:40:00,2016.1849825103754,-154.5785502301669,False
68,XAUUSD,BUY,2016.1849825103754,0.01,2016.1649825103755,2016.1999825103755,2024-01-01 09:40:00,2024-01-01 09:45:00,2018.7604357284888,257.54532181133527,False
69,XAUUSD,SELL,2018.6099948066935,0.01,2018.6299948066935,2018.5949948066934,2024-01-01 09:55:00,2024-01-01 10:00:00,2018.4733673310461,13.66274756474013,False
70,XAUUSD,SELL,2018.4733673310461,0.01,2018.493367331046,2018.458367331046,2024-01-01 10:00:00,2024-01-01 10:05:00,2017.48415360422,98.9213726826165,False
71,XAUUSD,SELL,2017.48415360422,0.01,2017.50415360422,2017.4691536042199,2024-01-01 10:05:00,2024-01-01 10:10:00,2016.5944278479583,88.97257562616687,False
72,XAUUSD,SELL,2016.5944278479583,0.01,2016.6144278479583,2016.5794278479582,2024-01-01 10:10:00,2024-01-01 10:15:00,2015.9144040469778,68.00238009805071,False
73,XAUUSD,SELL,2015.9144040469778,0.01,2015.9344040469778,2015.8994040469777,2024-01-01 10:15:00,2024-01-01 10:20:00,2017.111255212366,-119.68511653881251,False
74,XAUUSD,BUY,2017.111255212366,0.01,2017.091255212366,2017.126255212366,2024-01-01 10:20:00,2024-01-01 10:25:00,2016.5696512500285,-54.16039623373763,False
75,XAUUSD,BUY,2016.5696512500285,0.01,2016.5496512500285,2016.5846512500286,2024-01-01 10:25:00,2024-01-01 10:30:00,2016.8321572032653,26.250595323676862,False
76,XAUUSD,SELL,2016.8321572032653,0.01,2016.8521572032653,2016.8171572032652,2024-01-01 10:30:00,2024-01-01 10:35:00,2016.1732904344635,65.88667688017722,False
77,XAUUSD,SELL,2016.1732904344635,0.01,2016.1932904344635,2016.1582904344634,2024-01-01 10:35:00,2024-01-01 10:40:00,2015.9628753508582,21.041508360531225,False
78,XAUUSD,SELL,2015.9628753508582,0.01,2015.9828753508582,2015.947875350858,2024-01-01 10:40:00,2024-01-01 10:45:00,2014.4567926201685,150.60827306897409,False
79,XAUUSD,SELL,2013.7675408388811,0.01,2013.7875408388811,2013.752540838881,2024-01-01 10:55:00,2024-01-01 11:00:00,2013.9758219591663,-20.828112028516443,False
80,XAUUSD,BUY,2013.9758219591663,0.01,2013.9558219591663,2013.9908219591664,2024-01-01 11:00:00,2024-01-01 11:05:00,2014.5644967204323,58.867476126602014,False
81,XAUUSD,BUY,2014.5644967204323,0.01,2014.5444967204323,2014.5794967204324,2024-01-01 11:05:00,2024-01-01 11:10:00,2015.953288008449,138.87912880165914,False
82,XAUUSD,BUY,2018.3439820946644,0.01,2018.3239820946644,2018.3589820946645,2024-01-01 11:20:00,2024-01-01 11:25:00,2017.0537952783989,-129.0186816265532,False
83,XAUUSD,SELL,2017.0537952783989,0.01,2017.0737952783988,2017.0387952783988,2024-01-01 11:25:00,2024-01-01 11:30:00,2017.2035365143124,-14.974123591355237,False
84,XAUUSD,SELL,2017.2035365143124,0.01,2017.2235365143124,2017.1885365143123,2024-01-01 11:30:00,2024-01-01 11:35:00,2019.0528323988976,-184.92958845852172,False
85,XAUUSD,BUY,2018.340934236788,0.01,2018.320934236788,2018.355934236788,2024-01-01 11:40:00,2024-01-01 11:45:00,2017.6153313662537,-72.56028705342032,False
86,XAUUSD,SELL,2017.6153313662537,0.01,2017.6353313662537,2017.6003313662536,2024-01-01 11:45:00,2024-01-01 11:50:00,2017.4911460169767,12.41853492770133,False
87,XAUUSD,SELL,2017.4911460169767,0.01,2017.5111460169767,2017.4761460169766,2024-01-01 11:50:00,2024-01-01 11:55:00,2017.8458987404933,-35.47527235166399,False
88,XAUUSD,BUY,2017.8458987404933,0.01,2017.8258987404934,2017.8608987404934,2024-01-01 11:55:00,2024-01-01 12:00:00,2018.997946347668,115.20476071746089,False
89,XAUUSD,BUY,2018.997946347668,0.01,2018.977946347668,2019.012946347668,2024-01-01 12:00:00,2024-01-01 12:05:00,2019.8853013270884,88.73549794204791,False
90,XAUUSD,BUY,2019.8853013270884,0.01,2019.8653013270884,2019.9003013270885,2024-01-01 12:05:00,2024-01-01 12:10:00,2020.4942595272928,60.895820020436986,False
91,XAUUSD,BUY,2020.4942595272928,0.01,2020.4742595272928,2020.509259527293,2024-01-01 12:10:00,2024-01-01 12:15:00,2018.1766529864913,-231.76065408015347,False
92,XAUUSD,SELL,2018.0597217813265,0.01,2018.0797217813265,2018.0447217813264,2024-01-01 12:20:00,2024-01-01 12:25:00,2017.0698168112328,98.99049700936757,False
93,XAUUSD,SELL,2017.0698168112328,0.01,2017.0898168112328,2017.0548168112327,2024-01-01 12:25:00,2024-01-01 12:30:00,2016.9455971310656,12.42196801672435,False
94,XAUUSD,SELL,2016.9455971310656,0.01,2016.9655971310656,2016.9305971310655,2024-01-01 12:30:00,2024-01-01 12:35:00,2016.385178032544,56.04190985216064,False
95,XAUUSD,SELL,2016.385178032544,0.01,2016.405178032544,2016.370178032544,2024-01-01 12:35:00,2024-01-01 12:40:00,2016.2866847327605,9.849329978351307,False
96,XAUUSD,SELL,2016.2866847327605,0.01,2016.3066847327605,2016.2716847327604,2024-01-01 12:40:00,2024-01-01 12:45:00,2017.1431517310339,-85.64669982733903,False
97,XAUUSD,BUY,2017.1431517310339,0.01,2017.1231517310339,2017.158151731034,2024-01-01 12:45:00,2024-01-01 12:50:00,2016.9849366044086,-15.821512662523673,False
98,XAUUSD,BUY,2016.9849366044086,0.01,2016.9649366044086,2016.9999366044087,2024-01-01 12:50:00,2024-01-01 12:55:00,2015.249345329925,-173.55912744835678,False
99,XAUUSD,SELL,2015.899563701483,0.01,2015.919563701483,2015.8845637014829,2024-01-01 13:00:00,2024-01-01 13:05:00,2015.0864339182324,81.3129783250588,False
100,XAUUSD,SELL,2015.0864339182324,0.01,2015.1064339182324,2015.0714339182323,2024-01-01 13:05:00,2024-01-01 13:10:00,2014.7553669558552,33.106696237723554,False
101,XAUUSD,SELL,2014.7553669558552,0.01,2014.7753669558551,2014.740366955855,2024-01-01 13:10:00,2024-01-01 13:15:00,2014.4483223146613,30.70446411938974,False
102,XAUUSD,SELL,2014.4483223146613,0.01,2014.4683223146612,2014.4333223146612,2024-01-01 13:15:00,2024-01-01 13:20:00,2013.2999120676616,114.84102469996742,False
103,XAUUSD,SELL,2013.2999120676616,0.01,2013.3199120676616,2013.2849120676615,2024-01-01 13:20:00,2024-01-01 13:25:00,2011.6290867170442,167.0825350617406,False
104,XAUUSD,SELL,2011.7069099216417,0.01,2011.7269099216417,2011.6919099216416,2024-01-01 13:30:00,2024-01-01 13:35:00,2012.459145566571,-75.22356449292147,False
105,XAUUSD,BUY,2012.459145566571,0.01,2012.439145566571,2012.474145566571,2024-01-01 13:35:00,2024-01-01 13:40:00,2013.3522197283608,89.30741617898548,False
106,XAUUSD,BUY,2013.3522197283608,0.01,2013.3322197283608,2013.3672197283609,2024-01-01 13:40:00,2024-01-01 13:45:00,2010.4249357870126,-292.72839413481506,False
107,XAUUSD,BUY,2010.7752793084098,0.01,2010.7552793084099,2010.79027930841,2024-01-01 13:55:00,2024-01-01 14:00:00,2012.8021827228126,202.69034144027955,False
108,XAUUSD,SELL,2012.7035568367871,0.01,2012.723556836787,2012.688556836787,2024-01-01 14:10:00,2024-01-01 14:15:00,2012.2349262654204,46.86305713667025,False
109,XAUUSD,SELL,2012.2349262654204,0.01,2012.2549262654204,2012.2199262654203,2024-01-01 14:15:00,2024-01-01 14:20:00,2013.4115326596536,-117.66063942332039,False
110,XAUUSD,BUY,2013.4115326596536,0.01,2013.3915326596536,2013.4265326596537,2024-01-01 14:20:00,2024-01-01 14:25:00,2012.6154455767355,-79.60870829181204,False
111,XAUUSD,SELL,2009.9411589379622,0.01,2009.9611589379622,2009.926158937962,2024-01-01 14:40:00,2024-01-01 14:45:00,2010.3701867074737,-42.90277695115492,False
112,XAUUSD,BUY,2010.3701867074737,0.01,2010.3501867074738,2010.3851867074738,2024-01-01 14:45:00,2024-01-01 14:50:00,2009.8303999532782,-53.978675419557476,False
113,XAUUSD,SELL,2009.8303999532782,0.01,2009.8503999532782,2009.815399953278,2024-01-01 14:50:00,2024-01-01 14:55:00,2010.6151250100545,-78.4725056776324,False
114,XAUUSD,BUY,2010.6151250100545,0.01,2010.5951250100545,2010.6301250100546,2024-01-01 14:55:00,2024-01-01 15:00:00,2010.2929073845223,-32.22176255321756,False
115,XAUUSD,BUY,2010.2929073845223,0.01,2010.2729073845223,2010.3079073845224,2024-01-01 15:00:00,2024-01-01 15:05:00,2010.8750488317587,58.21414472363813,False
116,XAUUSD,BUY,2010.8750488317587,0.01,2010.8550488317587,2010.8900488317588,2024-01-01 15:05:00,2024-01-01 15:10:00,2010.9183053219638,4.325649020506717,False
117,XAUUSD,BUY,2010.9183053219638,0.01,2010.8983053219638,2010.9333053219639,2024-01-01 15:10:00,2024-01-01 15:15:00,2009.1019870013474,-181.63183206163467,False
118,XAUUSD,SELL,2005.7193381518678,0.01,2005.7393381518677,2005.7043381518677,2024-01-01 15:30:00,2024-01-01 15:35:00,2005.7591028014574,-3.976464958964243,False
119,XAUUSD,BUY,2005.7591028014574,0.01,2005.7391028014574,2005.7741028014575,2024-01-01 15:35:00,2024-01-01 15:40:00,2004.7214622592858,-103.764054217163,False
120,XAUUSD,SELL,2004.7214622592858,0.01,2004.7414622592858,2004.7064622592857,2024-01-01 15:40:00,2024-01-01 15:45:00,2005.3056696359965,-58.420737671076495,False
121,XAUUSD,SELL,2004.2510618943793,0.01,2004.2710618943793,2004.2360618943792,2024-01-01 15:50:00,2024-01-01 15:55:00,2002.4394558513288,181.16060430504604,False
122,XAUUSD,SELL,2002.5519769685457,0.01,2002.5719769685456,2002.5369769685456,2024-01-01 16:00:00,2024-01-01 16:05:00,2003.6471867729729,-109.52098044272134,False
123,XAUUSD,BUY,2003.6471867729729,0.01,2003.627186772973,2003.662186772973,2024-01-01 16:05:00,2024-01-01 16:10:00,2004.3338758993423,68.66891263694015,False
124,XAUUSD,BUY,2004.3338758993423,0.01,2004.3138758993423,2004.3488758993424,2024-01-01 16:10:00,2024-01-01 16:15:00,2003.4933450581143,-84.05308412279737,False
125,XAUUSD,SELL,2003.4933450581143,0.01,2003.5133450581143,2003.4783450581142,2024-01-01 16:15:00,2024-01-01 16:20:00,2001.7575809142356,173.57641438786686,False
126,XAUUSD,SELL,2001.6985911032862,0.01,2001.7185911032861,2001.683591103286,2024-01-01 16:25:00,2024-01-01 16:30:00,2003.1759433957188,-147.73522924326699,False
127,XAUUSD,BUY,2003.1759433957188,0.01,2003.1559433957189,2003.190943395719,2024-01-01 16:30:00,2024-01-01 16:35:00,2004.1682931374814,99.23497417626095,False
128,XAUUSD,BUY,2004.6802600717424,0.01,2004.6602600717424,2004.6952600717425,2024-01-01 16:40:00,2024-01-01 16:45:00,2003.7870382515512,-89.32218201912292,False
129,XAUUSD,SELL,2003.7870382515512,0.01,2003.8070382515511,2003.772038251551,2024-01-01 16:45:00,2024-01-01 16:50:00,2002.622852706683,116.41855448681326,False
130,XAUUSD,SELL,2001.8786786976075,0.01,2001.8986786976075,2001.8636786976074,2024-01-01 17:00:00,2024-01-01 17:05:00,2003.8475304872177,-196.88517896101985,False
131,XAUUSD,BUY,2003.8475304872177,0.01,2003.8275304872177,2003.8625304872178,2024-01-01 17:05:00,2024-01-01 17:10:00,2004.7664823004716,91.89518132538979,False
132,XAUUSD,SELL,2003.753027950531,0.01,2003.773027950531,2003.738027950531,2024-01-01 17:20:00,2024-01-01 17:25:00,2002.1628076041168,159.02203464142985,False
133,XAUUSD,SELL,2001.8379176132669,0.01,2001.8579176132669,2001.8229176132668,2024-01-01 17:30:00,2024-01-01 17:35:00,2003.0947071193234,-125.67895060565206,False
134,XAUUSD,BUY,2003.0947071193234,0.01,2003.0747071193234,2003.1097071193235,2024-01-01 17:35:00,2024-01-01 17:40:00,2004.9442285643645,184.95214450410913,False
135,XAUUSD,SELL,2003.7608529312704,0.01,2003.7808529312704,2003.7458529312703,2024-01-01 17:55:00,2024-01-01 18:00:00,2004.2558330737777,-49.49801425073019,False
136,XAUUSD,BUY,2004.2558330737777,0.01,2004.2358330737777,2004.2708330737778,2024-01-01 18:00:00,2024-01-01 18:05:00,2003.8374356135466,-41.83974602310627,False
137,XAUUSD,BUY,2004.749161313427,0.01,2004.729161313427,2004.7641613134272,2024-01-01 18:10:00,2024-01-01 18:15:00,2003.5721617050506,-117.69996083764909,False
138,XAUUSD,SELL,2003.5721617050506,0.01,2003.5921617050506,2003.5571617050505,2024-01-01 18:15:00,2024-01-01 18:20:00,2004.2423803542954,-67.02186492448163,False
139,XAUUSD,BUY,2004.1284209518612,0.01,2004.1084209518613,2004.1434209518613,2024-01-01 18:25:00,2024-01-01 18:30:00,2004.643737764734,51.53168128726975,False
140,XAUUSD,BUY,2004.643737764734,0.01,2004.623737764734,2004.658737764734,2024-01-01 18:30:00,2024-01-01 18:35:00,2006.9875853622443,234.38475975103756,False
141,XAUUSD,SELL,2006.8637578658077,0.01,2006.8837578658076,2006.8487578658076,2024-01-01 18:45:00,2024-01-01 18:50:00,2005.9480720832776,91.56857825300904,False
142,XAUUSD,SELL,2005.9480720832776,0.01,2005.9680720832775,2005.9330720832775,2024-01-01 18:50:00,2024-01-01 18:55:00,2005.6767470118195,27.132507145802265,False
143,XAUUSD,SELL,2005.6767470118195,0.01,2005.6967470118195,2005.6617470118194,2024-01-01 18:55:00,2024-01-01 19:00:00,2005.6988031813132,-2.20561694936805,False
144,XAUUSD,SELL,2005.6988031813132,0.01,2005.7188031813132,2005.6838031813131,2024-01-01 19:00:00,2024-01-01 19:05:00,2005.144985918023,55.381726329028425,False
145,XAUUSD,SELL,2005.144985918023,0.01,2005.164985918023,2005.1299859180228,2024-01-01 19:05:00,2024-01-01 19:10:00,2007.0862976722326,-194.13117542096643,False
146,XAUUSD,BUY,2008.685345732948,0.01,2008.665345732948,2008.700345732948,2024-01-01 19:25:00,2024-01-01 19:30:00,2007.0239511665413,-166.13945664066705,False
147,XAUUSD,SELL,2007.0239511665413,0.01,2007.0439511665413,2007.0089511665412,2024-01-01 19:30:00,2024-01-01 19:35:00,2008.347917204573,-132.39660380315854,False
148,XAUUSD,BUY,2011.8660737155956,0.01,2011.8460737155956,2011.8810737155957,2024-01-01 19:50:00,2024-01-01 19:55:00,2012.9963127486692,113.02390330736216,False
149,XAUUSD,BUY,2012.9963127486692,0.01,2012.9763127486692,2013.0113127486693,2024-01-01 19:55:00,2024-01-01 20:00:00,2013.4708258924065,47.45131437373402,False
150,XAUUSD,BUY,2013.4708258924065,0.01,2013.4508258924066,2013.4858258924066,2024-01-01 20:00:00,2024-01-01 20:05:00,2014.0935699598679,62.27440674613263,False
151,XAUUSD,BUY,2014.0935699598679,0.01,2014.0735699598679,2014.108569959868,2024-01-01 20:05:00,2024-01-01 20:10:00,2013.0989422124242,-99.46277474437011,False
152,XAUUSD,SELL,2013.0989422124242,0.01,2013.1189422124241,2013.083942212424,2024-01-01 20:10:00,2024-01-01 20:15:00,2014.6069585042512,-150.80162918270617,False
153,XAUUSD,BUY,2014.6069585042512,0.01,2014.5869585042512,2014.6219585042513,2024-01-01 20:15:00,2024-01-01 20:20:00,2014.9509567774269,34.39982731756572,False
154,XAUUSD,BUY,2014.9509567774269,0.01,2014.930956777427,2014.965956777427,2024-01-01 20:20:00,2024-01-01 20:25:00,2013.6952266777575,-125.57300996693357,False
155,XAUUSD,SELL,2013.6952266777575,0.01,2013.7152266777575,2013.6802266777574,2024-01-01 20:25:00,2024-01-01 20:30:00,2013.5938762257379,10.135045201968751,False
156,XAUUSD,SELL,2013.5938762257379,0.01,2013.6138762257378,2013.5788762257378,2024-01-01 20:30:00,2024-01-01 20:35:00,2011.7104908467304,188.338537900745,False
157,XAUUSD,SELL,2009.8140006321112,0.01,2009.8340006321112,2009.799000632111,2024-01-01 21:05:00,2024-01-01 21:10:00,2010.008526410386,-19.45257782747376,False
158,XAUUSD,BUY,2009.9450170429823,0.01,2009.9250170429823,2009.9600170429824,2024-01-01 21:15:00,2024-01-01 21:20:00,2010.1440763458938,19.905930291156437,False
159,XAUUSD,BUY,2010.1440763458938,0.01,2010.1240763458939,2010.159076345894,2024-01-01 21:20:00,2024-01-01 21:25:00,2008.9319142696208,-121.2162076272989,False
160,XAUUSD,SELL,2008.9319142696208,0.01,2008.9519142696208,2008.9169142696207,2024-01-01 21:25:00,2024-01-01 21:30:00,2009.4825254059665,-55.06111363456512,False
161,XAUUSD,SELL,2009.4825254059665,0.01,2009.5025254059665,2009.4675254059664,2024-01-01 21:30:00,2024-01-01 21:35:00,2009.2767544245473,20.577098141916395,False
162,XAUUSD,BUY,2009.2767544245473,0.01,2009.2567544245474,2009.2917544245474,2024-01-01 21:35:00,2024-01-01 21:40:00,2008.82335210174,-45.34023228072783,False
163,XAUUSD,SELL,2008.82335210174,0.01,2008.84335210174,2008.80835210174,2024-01-01 21:40:00,2024-01-01 21:45:00,2009.4583642624734,-63.501216073336764,False
164,XAUUSD,BUY,2009.4583642624734,0.01,2009.4383642624734,2009.4733642624735,2024-01-01 21:45:00,2024-01-01 21:50:00,2009.7200349576135,26.16706951400829,False
165,XAUUSD,BUY,2009.7200349576135,0.01,2009.7000349576135,2009.7350349576136,2024-01-01 21:50:00,2024-01-01 21:55:00,2010.1828408429928,46.28058853793391,False
166,XAUUSD,BUY,2010.1828408429928,0.01,2010.1628408429929,2010.197840842993,2024-01-01 21:55:00,2024-01-01 22:00:00,2010.0041699421943,-17.867090079857917,False
167,XAUUSD,BUY,2010.0041699421943,0.01,2009.9841699421943,2010.0191699421944,2024-01-01 22:00:00,2024-01-01 22:05:00,2011.4845104275091,148.0340485314855,False
168,XAUUSD,BUY,2011.4845104275091,0.01,2011.4645104275091,2011.4995104275092,2024-01-01 22:05:00,2024-01-01 22:10:00,2011.158893678629,-32.561674888006564,False
169,XAUUSD,BUY,2011.158893678629,0.01,2011.138893678629,2011.1738936786292,2024-01-01 22:10:00,2024-01-01 22:15:00,2012.5412264971787,138.23328185496848,False
170,XAUUSD,BUY,2012.5412264971787,0.01,2012.5212264971788,2012.5562264971788,2024-01-01 22:15:00,2024-01-01 22:20:00,2012.2386452900746,-30.258120710414005,False
171,XAUUSD,BUY,2012.2386452900746,0.01,2012.2186452900746,2012.2536452900747,2024-01-01 22:20:00,2024-01-01 22:25:00,2012.9202535665086,68.16082764339626,False
172,XAUUSD,BUY,2012.9202535665086,0.01,2012.9002535665086,2012.9352535665087,2024-01-01 22:25:00,2024-01-01 22:30:00,2011.9009789774584,-101.92745890501556,False
173,XAUUSD,SELL,2011.9009789774584,0.01,2011.9209789774584,2011.8859789774583,2024-01-01 22:30:00,2024-01-01 22:35:00,2010.0330561309852,186.79228464732205,False
174,XAUUSD,BUY,2010.5800022265767,0.01,2010.5600022265767,2010.5950022265768,2024-01-01 22:45:00,2024-01-01 22:50:00,2011.3895428728624,80.95406462857682,False
175,XAUUSD,BUY,2011.3895428728624,0.01,2011.3695428728624,2011.4045428728625,2024-01-01 22:50:00,2024-01-01 22:55:00,2012.7729719951788,138.3429122316329,False
176,XAUUSD,SELL,2011.4218817064811,0.01,2011.4418817064811,2011.406881706481,2024-01-01 23:05:00,2024-01-01 23:10:00,2011.5628974933093,-14.101578682812033,False
177,XAUUSD,SELL,2011.5628974933093,0.01,2011.5828974933092,2011.5478974933092,2024-01-01 23:10:00,2024-01-01 23:15:00,2011.32198716295,24.091033035915643,False
178,XAUUSD,SELL,2011.32198716295,0.01,2011.34198716295,2011.30698716295,2024-01-01 23:15:00,2024-01-01 23:20:00,2011.4326696649086,-11.06825019585358,False
179,XAUUSD,SELL,2011.4326696649086,0.01,2011.4526696649086,2011.4176696649085,2024-01-01 23:20:00,2024-01-01 23:25:00,2012.3589809161165,-92.63112512078351,False
180,XAUUSD,BUY,2012.3589809161165,0.01,2012.3389809161165,2012.3739809161166,2024-01-01 23:25:00,2024-01-01 23:30:00,2011.401469603482,-95.75113126345514,False
181,XAUUSD,SELL,2011.401469603482,0.01,2011.421469603482,2011.3864696034818,2024-01-01 23:30:00,2024-01-01 23:35:00,2011.3034758531535,9.799375032844182,False
182,XAUUSD,SELL,2011.3034758531535,0.01,2011.3234758531535,2011.2884758531534,2024-01-01 23:35:00,2024-01-01 23:40:00,2012.5513880790515,-124.79122258980624,False
183,XAUUSD,BUY,2012.5513880790515,0.01,2012.5313880790516,2012.5663880790516,2024-01-01 23:40:00,2024-01-01 23:45:00,2013.4771600335732,92.57719545216787,False
184,XAUUSD,BUY,2014.4360157863903,0.01,2014.4160157863903,2014.4510157863904,2024-01-01 23:50:00,2024-01-01 23:55:00,2013.7959027881514,-64.01129982389193,False
185,XAUUSD,SELL,2013.9523233545772,0.01,2013.9723233545772,2013.937323354577,2024-01-02 00:00:00,2024-01-02 00:05:00,2014.510217667592,-55.78943130149128,False
186,XAUUSD,BUY,2014.510217667592,0.01,2014.490217667592,2014.5252176675922,2024-01-02 00:05:00,2024-01-02 00:10:00,2014.9898988394466,47.968117185450865,False
187,XAUUSD,BUY,2014.9898988394466,0.01,2014.9698988394466,2015.0048988394467,2024-01-02 00:10:00,2024-01-02 00:15:00,2014.3939364354712,-59.59624039753635,False
188,XAUUSD,SELL,2014.3939364354712,0.01,2014.4139364354712,2014.3789364354711,2024-01-02 00:15:00,2024-01-02 00:20:00,2015.5311067416271,-113.71703061558947,False
189,XAUUSD,BUY,2015.5311067416271,0.01,2015.5111067416271,2015.5461067416272,2024-01-02 00:20:00,2024-01-02 00:25:00,2016.2831394933219,75.20327516947418,False
190,XAUUSD,BUY,2016.2831394933219,0.01,2016.263139493322,2016.298139493322,2024-01-02 00:25:00,2024-01-02 00:30:00,2015.194806007381,-108.83334859408933,False
191,XAUUSD,SELL,2015.194806007381,0.01,2015.214806007381,2015.1798060073809,2024-01-02 00:30:00,2024-01-02 00:35:00,2015.9462314667705,-75.14254593895657,False
192,XAUUSD,BUY,2016.9973201860746,0.01,2016.9773201860746,2017.0123201860747,2024-01-02 00:45:00,2024-01-02 00:50:00,2016.9172344323706,-8.00857537039974,False
193,XAUUSD,SELL,2016.9172344323706,0.01,2016.9372344323706,2016.9022344323705,2024-01-02 00:50:00,2024-01-02 00:55:00,2018.3306523606786,-141.34179283080357,False
194,XAUUSD,BUY,2018.3306523606786,0.01,2018.3106523606787,2018.3456523606787,2024-01-02 00:55:00,2024-01-02 01:00:00,2016.8723685679613,-145.82837927173387,False
195,XAUUSD,SELL,2016.8723685679613,0.01,2016.8923685679613,2016.8573685679612,2024-01-02 01:00:00,2024-01-02 01:05:00,2015.435791109006,143.65774589552984,False
196,XAUUSD,BUY,2015.8419373329025,0.01,2015.8219373329025,2015.8569373329026,2024-01-02 01:15:00,2024-01-02 01:20:00,2014.1886519906066,-165.32853422959306,False
197,XAUUSD,SELL,2012.881615037147,0.01,2012.901615037147,2012.8666150371469,2024-01-02 01:30:00,2024-01-02 01:35:00,2014.5571251378224,-167.55101006754103,False
198,XAUUSD,BUY,2013.9318705836129,0.01,2013.9118705836129,2013.946870583613,2024-01-02 01:40:00,2024-01-02 01:45:00,2013.2442231835166,-68.76474000962389,False
199,XAUUSD,SELL,2013.2442231835166,0.01,2013.2642231835166,2013.2292231835165,2024-01-02 01:45:00,2024-01-02 01:50:00,2012.7605814903245,48.364169319211214,False
200,XAUUSD,SELL,2012.7605814903245,0.01,2012.7805814903245,2012.7455814903244,2024-01-02 01:50:00,2024-01-02 01:55:00,2012.2691266123977,49.14548779267989,False
201,XAUUSD,SELL,2012.2691266123977,0.01,2012.2891266123977,2012.2541266123976,2024-01-02 01:55:00,2024-01-02 02:00:00,2013.1938452332042,-92.47186208065159,False
202,XAUUSD,BUY,2013.1938452332042,0.01,2013.1738452332042,2013.2088452332043,2024-01-02 02:00:00,2024-01-02 02:05:00,2011.0602834855777,-213.35617476265725,False
